Year,Team,Win,Loss,PF,PA,PD,AvgPF,AvgPA,Attendance
2000,Illinois,4,2,177,115,62,29.5,19.1666666666667,55977.6666666667
2000,Indiana,1,2,102,90,12,34,30,30231.6666666667
2000,Michigan State,4,2,148,119,29,24.6666666666667,19.8333333333333,74023
2000,Northwestern,5,1,268,170,98,44.6666666666667,28.3333333333333,34342.1666666667
2000,Penn State,4,1,176,99,77,35.2,19.8,95483.8
2000,Wisconsin,4,2,146,128,18,24.3333333333333,21.3333333333333,78729.5
2001,Illinois,6,0,192,127,65,32,21.1666666666667,54949
2001,Indiana,3,3,149,133,16,24.8333333333333,22.1666666666667,32605.1666666667
2001,Michigan State,4,2,212,159,53,35.3333333333333,26.5,73715.3333333333
2001,Northwestern,2,3,143,183,-40,28.6,36.6,34743
2001,Penn State,3,3,108,132,-24,18,22,107576.166666667
2001,Wisconsin,3,4,181,208,-27,25.8571428571429,29.7142857142857,78333.4285714286
2002,Illinois,3,3,221,158,63,36.8333333333333,26.3333333333333,55198.6666666667
2002,Indiana,3,3,150,213,-63,25,35.5,31248
2002,Michigan State,3,5,234,223,11,29.25,27.875,73942
2002,Northwestern,2,4,144,206,-62,24,34.3333333333333,28035
2002,Penn State,7,1,314,118,196,39.25,14.75,107238.875
2002,Wisconsin,4,3,203,169,34,29,24.1428571428571,78435.1428571429
2003,Illinois,1,5,138,226,-88,23,37.6666666666667,50961
2003,Indiana,2,4,120,147,-27,20,24.5,34983.3333333333
2003,Michigan State,5,2,201,119,82,28.7142857142857,17,72830.1428571429
2003,Northwestern,2,4,95,163,-68,15.8333333333333,27.1666666666667,28771.3333333333
2003,Penn State,2,4,146,115,31,24.3333333333333,19.1666666666667,106220.833333333
2003,Wisconsin,4,3,208,165,43,29.7142857142857,23.5714285714286,78486.2857142857
2004,Illinois,2,4,158,165,-7,26.3333333333333,27.5,48154.8333333333
2004,Indiana,2,3,123,118,5,24.6,23.6,28377.4
2004,Michigan State,4,2,205,136,69,34.1666666666667,22.6666666666667,73602.1666666667
2004,Northwestern,4,1,115,105,10,23,21,29552.2
2004,Penn State,3,3,146,76,70,24.3333333333333,12.6666666666667,103110.833333333
2004,Wisconsin,6,0,154,45,109,25.6666666666667,7.5,82368.1666666667
2005,Illinois,2,4,142,252,-110,23.6666666666667,42,47852.1666666667
2005,Indiana,3,3,154,182,-28,25.6666666666667,30.3333333333333,39535.6666666667
2005,Michigan State,3,3,204,157,47,34,26.1666666666667,75182.8333333333
2005,Northwestern,4,2,201,193,8,33.5,32.1666666666667,32527.1666666667
2005,Penn State,7,0,234,93,141,33.4285714285714,13.2857142857143,104859
2005,Wisconsin,5,1,226,126,100,37.6666666666667,21,82551.3333333333
2006,Illinois,1,6,160,185,-25,22.8571428571429,26.4285714285714,43445.4285714286
2006,Indiana,3,4,171,204,-33,24.4285714285714,29.1428571428571,33063.2857142857
2006,Michigan State,2,5,228,134,94,32.5714285714286,19.1428571428571,70818.7142857143
2006,Northwestern,2,4,116,182,-66,19.3333333333333,30.3333333333333,27995.5
2006,Penn State,6,1,204,68,136,29.1428571428571,9.71428571428571,107567.285714286
2006,Wisconsin,7,0,215,61,154,30.7142857142857,8.71428571428571,81368
2007,Illinois,5,1,165,112,53,27.5,18.6666666666667,54938.1666666667
2007,Indiana,5,2,246,158,88,35.1428571428571,22.5714285714286,37003.5714285714
2007,Michigan State,5,2,252,182,70,36,26,70539.8571428572
2007,Northwestern,3,3,141,135,6,23.5,22.5,24801.8333333333
2007,Penn State,6,1,243,104,139,34.7142857142857,14.8571428571429,108891.285714286
2007,Wisconsin,7,0,255,126,129,36.4285714285714,18,81746.7142857143
2008,Illinois,4,2,189,132,57,31.5,22,61707.1666666667
2008,Indiana,3,5,209,256,-47,26.125,32,31781.875
2008,Michigan State,6,1,151,106,45,21.5714285714286,15.1428571428571,74857.8571428572
2008,Northwestern,5,2,184,143,41,26.2857142857143,20.4285714285714,28590.2857142857
2008,Penn State,7,0,323,93,230,46.1428571428572,13.2857142857143,108253.857142857
2008,Wisconsin,5,2,211,183,28,30.1428571428571,26.1428571428571,81088
2009,Illinois,2,4,182,163,19,30.3333333333333,27.1666666666667,59544.5
2009,Indiana,3,3,132,148,-16,22,24.6666666666667,41832.8333333333
2009,Michigan State,4,2,170,108,62,28.3333333333333,18,74494.1666666667
2009,Northwestern,5,2,189,172,17,27,24.5714285714286,24190.2857142857
2009,Penn State,6,1,200,67,133,28.5714285714286,9.57142857142857,106678.571428571
2009,Wisconsin,5,0,192,88,104,38.4,17.6,79873.6
2010,Illinois,4,2,197,110,87,32.8333333333333,18.3333333333333,54187.6666666667
2010,Indiana,3,3,187,151,36,31.1666666666667,25.1666666666667,41953
2010,Michigan State,7,0,243,121,122,34.7142857142857,17.2857142857143,73556.2857142857
2010,Northwestern,3,2,132,100,32,26.4,20,35527.6
2010,Penn State,5,2,201,140,61,28.7142857142857,20,104233.714285714
2010,Wisconsin,7,0,342,120,222,48.8571428571429,17.1428571428571,79862.1428571429
2011,Illinois,5,3,205,163,42,25.625,20.375,50708.5
2011,Indiana,1,5,162,204,-42,27,34,41380.3333333333
2011,Michigan State,7,0,268,85,183,38.2857142857143,12.1428571428571,74077.8571428572
2011,Nebraska,5,1,216,132,84,36,22,85212.6666666667
2011,Northwestern,3,3,163,147,16,27.1666666666667,24.5,33441.5
2011,Penn State,5,2,146,85,61,20.8571428571429,12.1428571428571,101325.857142857
2011,Wisconsin,6,0,311,58,253,51.8333333333333,9.66666666666667,79551.3333333333
2012,Illinois,2,5,136,162,-26,19.4285714285714,23.1428571428571,45564.2857142857
2012,Indiana,2,4,177,224,-47,29.5,37.3333333333333,44802.1666666667
2012,Michigan State,2,4,103,108,-5,17.1666666666667,18,76243.3333333333
2012,Nebraska,7,0,287,113,174,41,16.1428571428571,85516.7142857143
2012,Penn State,5,2,203,150,53,29,21.4285714285714,96729.7142857143
2012,Wisconsin,5,2,175,125,50,25,17.8571428571429,80005.5714285714
2013,Illinois,3,4,241,260,-19,34.4285714285714,37.1428571428572,43786.5714285714
2013,Indiana,5,3,369,268,101,46.125,33.5,44352.875
2013,Michigan State,7,0,201,73,128,28.7142857142857,10.4285714285714,72327.7142857143
2013,Nebraska,5,3,284,230,54,35.5,28.75,90933.25
2013,Penn State,4,2,199,102,97,33.1666666666667,17,94704.6666666667
2013,Wisconsin,6,1,271,67,204,38.7142857142857,9.57142857142857,78911.1428571429
2014,Illinois,5,2,197,192,5,28.1428571428571,27.4285714285714,41548.8571428571
2014,Indiana,3,3,139,156,-17,23.1666666666667,26,41656.8333333333
2014,Michigan State,6,1,318,120,198,45.4285714285714,17.1428571428571,74680.7142857143
2014,Nebraska,6,1,273,142,131,39,20.2857142857143,91249.1428571429
2014,Penn State,3,3,134,106,28,22.3333333333333,17.6666666666667,100577.166666667
2014,Rutgers,4,2,150,128,22,25,21.3333333333333,50631.8333333333
2014,Wisconsin,6,0,256,89,167,42.6666666666667,14.8333333333333,79350.5
2015,Illinois,4,2,153,93,60,25.5,15.5,42647.1666666667
2015,Indiana,3,3,228,228,0,38,38,43439.6666666667
2015,Michigan State,7,0,251,129,122,35.8571428571429,18.4285714285714,74661.1428571429
2015,Nebraska,3,4,220,189,31,31.4285714285714,27,89997.5714285714
2015,Penn State,6,1,196,87,109,28,12.4285714285714,99798.5714285714
2015,Rutgers,2,5,210,221,-11,30,31.5714285714286,47723
2015,Wisconsin,5,2,199,43,156,28.4285714285714,6.14285714285714,78014.1428571429
2016,Illinois,2,5,164,214,-50,23.4285714285714,30.5714285714286,45635
2016,Indiana,4,3,203,206,-3,29,29.4285714285714,43027.1428571429
2016,Michigan State,2,5,176,177,-1,25.1428571428571,25.2857142857143,74666.5714285714
2016,Nebraska,7,0,240,113,127,34.2857142857143,16.1428571428571,90200.2857142857
2016,Penn State,7,0,244,127,117,34.8571428571429,18.1428571428571,100257.142857143
2016,Rutgers,2,5,130,230,-100,18.5714285714286,32.8571428571429,44804.1428571429
2016,Wisconsin,5,1,202,94,108,33.6666666666667,15.6666666666667,79357.3333333333
2017,Illinois,2,5,105,181,-76,15,25.8571428571429,39416.1428571429
2017,Indiana,3,3,178,138,40,29.6666666666667,23,43952.5
2017,Michigan State,6,1,159,112,47,22.7142857142857,16,72485.4285714286
2017,Nebraska,2,5,156,255,-99,22.2857142857143,36.4285714285714,89797.5714285714
2017,Penn State,6,0,277,78,199,46.1666666666667,13,106020.5
2017,Rutgers,3,4,144,178,-34,20.5714285714286,25.4285714285714,39784.8571428571
2017,Wisconsin,7,0,240,94,146,34.2857142857143,13.4285714285714,78823.7142857143
2018,Illinois,3,3,151,241,-90,25.1666666666667,40.1666666666667,36151.1666666667
2018,Indiana,3,4,178,196,-18,25.4285714285714,28,40964.7142857143
2018,Michigan State,4,3,138,150,-12,19.7142857142857,21.4285714285714,72584
2018,Nebraska,4,2,208,144,64,34.6666666666667,24,88897.8333333333
2018,Penn State,5,2,241,133,108,34.4285714285714,19,105485.142857143
2018,Wisconsin,5,2,236,139,97,33.7142857142857,19.8571428571429,77153.1428571429
